[
  {
    "title": "Deno Merch",
    "link": "https://merch.deno.com/",
    "github": "denoland/merch",
    "image": "merch"
  },
  {
    "title": "Deno Chat",
    "link": "https://showcase-chat.deno.dev/",
    "github": "denoland/showcase_chat",
    "image": "chat"
  },
  {
    "title": "Fresh Website",
    "link": "https://fresh.deno.dev/",
    "github": "denoland/fresh/tree/main/www",
    "image": "fresh"
  },
  {
    "title": "diKnow",
    "link": "https://xyntechx-diknow.deno.dev/",
    "github": "xyntechx/diKnow",
    "image": "diKnow"
  },
  {
    "title": "Saleor + Deno Merch",
    "link": "https://saleor-deno-merch.deno.dev/",
    "github": "saleor/deno-merch",
    "image": "saleor-deno"
  },
  {
    "title": "Fresh Strapi",
    "link": "https://fresh-strapi.deno.dev/",
    "github": "hyprtxt/fresh-strapi.deno.dev",
    "image": "fresh-strapi"
  },
  {
    "title": "Video Poker Academy",
    "link": "https://videopoker.academy/",
    "github": "hyprtxt/videopoker.academy",
    "image": "videopoker-academy"
  },
  {
    "title": "ANDBOUNDS Inc.",
    "link": "https://andbounds.com/",
    "image": "andbounds"
  },
  {
    "title": "im@sparql Data Dashboard",
    "link": "https://imasparql-data-dashboard.deno.dev/",
    "github": "arrow2nd/imasparql-data-dashboard",
    "image": "imasparql-dd"
  },
  {
    "title": "YCRM",
    "link": "https://ycrm.xyz/",
    "image": "ycrm"
  },
  {
    "title": "Optimem app",
    "link": "https://optimem.org/",
    "image": "optimem"
  },
  {
    "title": "Fresh Blog",
    "link": "https://fresh-blog.littlesticks.dev/",
    "github": "littlesticks/fresh-blog",
    "image": "fresh-blog"
  }
]
