{
  "introduction": {
    "name": "简介"
  },
  "getting_started": {
    "name": "快速入门",
    "children": {
      "installation": "安装",
      "setup_your_environment": "设置环境",
      "first_steps": "第一步",
      "command_line_interface": "命令行",
      "configuration_file": "配置文件",
      "permissions": "权限",
      "debugging_your_code": "调试代码"
    }
  },
  "runtime": {
    "name": "运行时",
    "children": {
      "stability": "稳定性",
      "program_lifecycle": "程序生命周期",
      "permission_apis": "权限 API",
      "web_platform_apis": "Web 平台 API",
      "http_server_apis": "HTTP Server APIs",
      "http_server_apis_low_level": "HTTP Server APIs (low level)",
      "location_api": "Location API",
      "web_storage_api": "Web Storage API",
      "workers": "Workers",
      "ffi_api": "FFI API"
    }
  },
  "linking_to_external_code": {
    "name": "链接至外部代码",
    "children": {
      "reloading_modules": "重新载入模块",
      "integrity_checking": "完整性检查",
      "proxies": "代理",
      "private": "私有模块",
      "import_maps": "Import maps"
    }
  },
  "node": {
    "name": "使用 Node/Npm 代码",
    "children": {
      "compatibility_mode": "Node 兼容模式",
      "std_node": "The std/node library",
      "cdns": "Packages from CDNs",
      "import_maps": "Using import maps",
      "faqs": "FAQ",
      "cheatsheet": "Node->Deno 速查表",
      "dnt": "dnt - Deno to Node Transform"
    }
  },
  "typescript": {
    "name": "使用 TypeScript",
    "children": {
      "overview": "概述",
      "configuration": "配置",
      "types": "类型与类型声明",
      "migration": "JavaScript/JavaScript 迁移",
      "faqs": "FAQ"
    }
  },
  "jsx_dom": {
    "name": "使用 JSX 和 DOM",
    "children": {
      "overview": "概述",
      "jsx": "配置 JSX",
      "linkedom": "使用 LinkeDOM",
      "deno_dom": "使用 deno-dom",
      "jsdom": "使用 jsdom",
      "css": "Parsing CSS",
      "twind": "使用 Twind"
    }
  },
  "webassembly": {
    "name": "使用 WebAssembly",
    "children": {
      "using_wasm": "在 Deno 中使用 wasm",
      "using_streaming_wasm": "使用 wasm 的 Streaming API",
      "wasm_resources": "一些有用的资源"
    }
  },
  "standard_library": {
    "name": "标准库"
  },
  "examples": {
    "name": "示例",
    "children": {
      "hello_world": "Hello world",
      "import_export": "import 和 export 模块",
      "manage_dependencies": "管理依赖",
      "fetch_data": "请求数据",
      "read_write_files": "文件读写",
      "unix_cat": "实现 unix cat 程序",
      "http_server": "HTTP web 服务器",
      "file_server": "文件服务器",
      "tcp_echo": "TCP echo 服务器",
      "subprocess": "创建子进程",
      "os_signals": "OS 信号",
      "file_system_events": "文件系统事件",
      "module_metadata": "模块 metadata",
      "shebang": "Shebang"
    }
  },
  "testing": {
    "name": "测试",
    "children": {
      "assertions": "断言",
      "coverage": "覆盖率",
      "documentation": "文档",
      "sanitizers": "Sanitizers",
      "behavior_driven_development": "Behavior-driven development",
      "mocking": "Mocking",
      "snapshot_testing": "快照"
    }
  },
  "tools": {
    "name": "工具",
    "children": {
      "script_installer": "脚本安装器",
      "formatter": "格式化",
      "repl": "REPL",
      "bundler": "打包工具",
      "compiler": "编译可执行文件",
      "documentation_generator": "文档生成器",
      "dependency_inspector": "依赖检查器",
      "linter": "Linter",
      "task_runner": "Task runner",
      "vendor": "Vendoring dependencies",
      "benchmarker": "Benchmarking"
    }
  },
  "continuous_integration": {
    "name": "持续集成(CI)"
  },
  "vscode_deno": {
    "name": "使用 VS Code",
    "children": {
      "testing_api": "Testing API"
    }
  },
  "language_server": {
    "name": "Language Server",
    "children": {
      "overview": "Overview of the language server",
      "imports": "Import suggestions and intelligent registries",
      "testing_api": "Testing API"
    }
  },
  "publishing": {
    "name": "Publishing Modules"
  },
  "embedding_deno": {
    "name": "嵌入 Deno"
  },
  "help": {
    "name": "帮助"
  },
  "contributing": {
    "name": "贡献",
    "children": {
      "building_from_source": "从源代码构建",
      "web_platform_tests": "Web 平台测试",
      "style_guide": "样式指南",
      "architecture": "架构",
      "profiling": "Profiling",
      "release_schedule": "发布规划表"
    }
  }
}
